<?xml version="1.0" encoding="utf-8" standalone="yes"?>
<scraper framework="1.0" date="2012-11-05">
	<NfoUrl dest="3">
		<RegExp conditional="!TryAllURL" input="$$1" output="&lt;url cache=&quot;filmweb-\1&quot;&gt;http://www.filmweb.pl/Film?id=\1&lt;/url&gt;" dest="3">
			<expression noclean="1">filmweb.pl/f([0-9]*)/</expression>
		</RegExp>
		<RegExp conditional="!TryAllURL" input="$$1" output="&lt;url cache=&quot;filmweb-\1&quot;&gt;http://www.filmweb.pl/Film?id=\1&lt;/url&gt;" dest="3+">
			<expression noclean="1">filmweb.pl/film/.+?-[0-9]{4}-([0-9]*)</expression>
		</RegExp>
		<RegExp input="$$1" output="&lt;url cache=&quot;filmweb-\1&quot;&gt;http://www.filmweb.pl/Film?id=\1&lt;/url&gt;" dest="3+">
			<expression noclean="1">Film.id=([0-9]*)</expression>
		</RegExp>
		<RegExp conditional="!TryAllURL" input="$$1" output="&lt;url&gt;http://www.filmweb.pl/\1&lt;/url&gt;" dest="3+">
			<expression noclean="1">http://www.filmweb.pl/([^ ]+[A-Za-z0-9])</expression>
		</RegExp>
		<RegExp conditional="!TryAllURL" input="$$1" output="&lt;url&gt;http://www.filmweb.pl/\1&lt;/url&gt;" dest="3+">
			<expression noclean="1">http://([^\/]+).filmweb.pl</expression>
		</RegExp>
		<RegExp input="$$1" output="&lt;details&gt;&lt;url function=&quot;GetByIMDBId&quot;&gt;http://www.google.com/search?q=tt\2+site:imdb.com&lt;/url&gt;&lt;details&gt;" dest="3+">
			<expression>(imdb.com/)Title\?([0-9]+)</expression>
		</RegExp>
		<RegExp input="$$1" output="&lt;details&gt;&lt;url function=&quot;GetByIMDBId&quot;&gt;http://www.google.com/search?q=tt\2+site:imdb.com&lt;/url&gt;&lt;details&gt;" dest="3+">
			<expression>(imdb.com/title/tt)([0-9]*)</expression>
		</RegExp>
	</NfoUrl>
	<GetByIMDBId dest="3">
		<RegExp input="$$1" output="&lt;details&gt;&lt;url function=&quot;FilmwebByIMDBId&quot;&gt;http://ajax.googleapis.com/ajax/services/search/web?v=1.0&amp;amp;q=\1+site:filmweb.pl&lt;/url&gt;&lt;details&gt;" dest="3+">
			<expression fixchars="1" encode="1">&lt;h3 class=[^&gt;]+&gt;(.*?)\([0-9]{4}\)</expression>
		</RegExp>
	</GetByIMDBId>
	<FilmwebByIMDBId dest="3">
		<RegExp input="$$1" output="&lt;url&gt;\1&lt;/url&gt;" dest="3+">
			<expression noclean="1">unescapedUrl":"([^"]*)</expression>
		</RegExp>
	</FilmwebByIMDBId>
	<CreateSearchUrl dest="3">
		<RegExp input="$$1" output="&lt;url&gt;http://www.filmweb.pl/search/film?q=\1&amp;amp;startYear=$$2&amp;amp;endYear=$$2&lt;/url&gt;" dest="3">
			<expression noclean="1"/>
		</RegExp>
	</CreateSearchUrl>
	<GetSearchResults dest="8">
		<RegExp input="$$5" output="&lt;?xml version=&quot;1.0&quot; encoding=&quot;utf-8&quot; standalone=&quot;yes&quot;?&gt;&lt;results&gt;\1&lt;/results&gt;" dest="8">
			<RegExp input="$$1" output="&lt;entity&gt;&lt;title&gt;\1&lt;/title&gt;&lt;year&gt;\2&lt;/year&gt;&lt;url cache=&quot;filmweb-\3&quot;&gt;http://www.filmweb.pl/Film?id=\3&lt;/url&gt;&lt;/entity&gt;" dest="5">
				<expression repeat="yes" fixchars="1">searchResult.*?searchResultTitle[^&gt;]+&gt;(.*?)&lt;/a&gt;&lt;/h3&gt;.*?searchResultDetails[^0-9]+([0-9]*).*?src="http://1.fwcdn.pl/po/[^/]*/[^/]*/([0-9]*)/</expression>
			</RegExp>
			<RegExp input="$$5" output="\1 " dest="5">
				<expression repeat="yes" noclean="1">([^\t]*)\t?</expression>
			</RegExp>
			<expression noclean="1"/>
		</RegExp>
	</GetSearchResults>
	<GetDetails clearbuffers="no" dest="3">
		<RegExp input="$$5" output="&lt;?xml version=&quot;1.0&quot; encoding=&quot;utf-8&quot; standalone=&quot;yes&quot;?&gt;&lt;details&gt;\1&lt;/details&gt;" dest="3">
			
			<!-- TITLE !-->
			<RegExp input="$$6" output="&lt;title&gt;\1&lt;/title&gt;" dest="5">
				<RegExp input="$$1" output="\1" dest="6">
					<expression fixchars="1">v:itemreviewed&quot;&gt;([^&lt;]+)&lt;</expression>
				</RegExp>
				<RegExp conditional="UseOriginalTitle" input="$$8" output="\1" dest="6">
					<RegExp input="$$1" output="\1" dest="8">
						<expression fixchars="1">h2 class="text[^&gt;]+&gt;([^&lt;]+)&lt;/h2</expression>
					</RegExp>
					<expression>(.+)</expression>
				</RegExp>
				<RegExp input="$$6" output="\3 \1" dest="6">
					<expression>(.*)(, (A|An|The|Das|Der|Des|Die|De|L'|Le|Les|La|Un|Une|El|Il|Las|Los|Una|Unos|Unas))$</expression>
				</RegExp>
				<expression/>
			</RegExp>

			<!-- ORIGINALTITLE !-->
			<RegExp input="$$6" output="&lt;originaltitle&gt;\1&lt;/originaltitle&gt;" dest="5+">
				<RegExp input="$$1" output="\1" dest="6">
					<expression fixchars="1">h2 class="text[^&gt;]+&gt;([^&lt;]+)&lt;/h2</expression>
				</RegExp>
				<RegExp conditional="UseOriginalTitle" input="$$1" output="\1" dest="6">
					<expression fixchars="1">v:itemreviewed&quot;&gt;([^&lt;]+)&lt;</expression>
				</RegExp>
				<RegExp input="$$6" output="\3 \1" dest="6">
					<expression>(.*)(, ('E|A|A'|Al|Al-|Am|An|Ang|As|Az|Bat|D'|Da|Das|De|Dei|Dem|Den|Der|Des|Det|Die|Dos|E|Ei|Ein|Eine|Einem|Einen|Einer|Eines|Eit|El|El-|Els|En|Et|Gli|Ha|Ha-|Hai|He|He-|Hen|Het|Hi|Hin|Ho|Ho-|Hoi|I|Il|Il-|L'|La|Las|Le|Les|Lo|Los|Na|Nang|Ni|O|Os|Sa|Si|Ta|Ten|Tes|The|To|Ton|Um|Uma|Umas|Un|Un'|Una|Unas|Une|Uno|Unos))$</expression>
				</RegExp>
				<expression/>
			</RegExp>

			<!-- FILMWEB ID - pobiera FILMWEB ID i zapisuje do dalszego użytku w $$9 !-->
			<RegExp input="$$1" output="\1" dest="9">
				<expression noclean="1">filmId&gt;([0-9]*)</expression>
			</RegExp>
			<RegExp input="$$9" output="&lt;filmweb.id&gt;\1&lt;/filmweb.id&gt;" dest="5+">
				<expression/>
			</RegExp>
			
			<!-- YEAR !-->
			<RegExp input="$$1" output="&lt;year&gt;\1&lt;/year&gt;" dest="5+">
				<expression fixchars="1">id=filmYear[^&gt;]+&gt;\(([0-9]*)\)</expression>
			</RegExp>
			
			<!-- VOTES !-->
			<RegExp conditional="!GetIMDBRatings" input="$$1" output="&lt;votes&gt;\1&lt;/votes&gt;" dest="5+">
				<expression noclean="1" trim="1">v:votes&quot;&gt;([^&lt;]+)</expression>
			</RegExp>
			
			<!-- RATING !-->
			<RegExp conditional="!GetIMDBRatings" input="$$1" output="&lt;rating&gt;\1.\2&lt;/rating&gt;" dest="5+">
				<expression noclean="1">v:average&quot;&gt; ([0-9]*),([0-9]*)&lt;</expression>
			</RegExp>

			<!-- TAGLINE !-->
			<RegExp input="$$1" output="&lt;tagline&gt;\1&lt;/tagline&gt;" dest="5+">
				<expression fixchars="1">class=hdr-bigger&gt;[^&gt;]+&gt;([^&lt;]+)</expression>
			</RegExp>

			<!-- THUMB !-->
			<RegExp conditional="!GetPoster" input="$$1" output="&lt;thumb&gt;\1&lt;/thumb&gt;" dest="5+">
				<expression noclean="1">v:image&quot; href=&quot;([^\?]+)\?</expression>
			</RegExp>

			<!-- OUTLINE !-->
			<RegExp input="$$6" output="&lt;outline&gt;\1&lt;/outline&gt;" dest="5+">
				<RegExp input="" output="Ten film nie ma jeszcze zarysu fabuły. Możesz go dodać." dest="6">
					<expression />
				</RegExp>
				<RegExp input="$$1" output="\1" dest="6">
					<expression clear="yes" fixchars="1">filmPlot&gt;&lt;p&gt;([^&lt;]+)</expression>
				</RegExp>
				<expression/>
			</RegExp>
			
			<!-- GENRE !-->
			<RegExp input="$$1" output="\1" dest="6">
				<expression noclean="1">gatunek:(.*?)&lt;/ul</expression>
			</RegExp>
			<RegExp input="$$6" output="&lt;genre&gt;\1&lt;/genre&gt;" dest="5+">
				<expression repeat="yes" fixchars="1" trim="1">a href=[^&gt;]+&gt;([^&lt;]+)&lt;</expression>
			</RegExp>

			<!-- COUNTRY !-->
			<RegExp input="$$1" output="\1" dest="6">
				<expression noclean="1">produkcja:(.*?)&lt;/ul</expression>
			</RegExp>
			<RegExp input="$$6" output="&lt;country&gt;\1&lt;/country&gt;" dest="5+">
				<expression repeat="yes" fixchars="1" trim="1">a href=[^&gt;]+&gt;([^&lt;]+)&lt;</expression>
			</RegExp>

			<!-- CREDITS !-->
			<RegExp input="$$1" output="\1" dest="6">
				<expression noclean="1">scenariusz:(.*?)&lt;/ul&gt;</expression>
			</RegExp>
			<RegExp input="$$6" output="&lt;credits&gt;\1&lt;/credits&gt;" dest="5+">
				<expression repeat="yes" fixchars="1" trim="1">title=[^&gt;]+&gt;([^&lt;]+)&lt;</expression>
			</RegExp>
			
			<!-- DIRECTOR !-->
			<RegExp input="$$1" output="\1" dest="6">
				<expression noclean="1">reżyseria:(.*?)&lt;/ul&gt;</expression>
			</RegExp>
			<RegExp input="$$6" output="&lt;director&gt;\1&lt;/director&gt;" dest="5+">
				<expression repeat="yes" fixchars="1" trim="1">v:directedBy&quot;&gt;([^&lt;]+)&lt;</expression>
			</RegExp>

            <!-- PLOT !-->
            <RegExp conditional="!GetPlot" input="$$1" output="&lt;plot&gt;\1&lt;/plot&gt;" dest="5+">
                <expression fixchars="1">v:summary&quot;&gt;(.*?)&lt;/</expression>
            </RegExp>
            
			<!-- ACTORS !-->
			<RegExp conditional="!EnableFullCast" input="$$1" output="\1" dest="6">
				<expression noclean="1">class=&quot;pageBox filmCastBox&quot;&gt;(.*?)zobacz pełną</expression>
			</RegExp>
			<RegExp conditional="!EnableFullCast" input="$$6" output="&lt;actor&gt;&lt;name&gt;\3&lt;/name&gt;&lt;role&gt;\4&lt;/role&gt;&lt;thumb&gt;\11\2&lt;/thumb&gt;&lt;/actor&gt;" dest="5+">
				<expression repeat="yes" fixchars="3,4">li&gt;.*?src=&quot;([^\.]+\.[^\.]+\.[^\.]+\.)2(\.[^&quot;]+)&quot;.*?v:starring&quot;&gt;([^&lt;]+)&lt;/a.*?roleName&gt;([^&lt;]+)&lt;/span.*?&lt;/li</expression>
			</RegExp>

            <!-- FANART !-->
            <RegExp conditional="!GetFanart" input="$$1" output="&lt;fanart&gt;&lt;thumb preview=&quot;\13\2&quot;&gt;\11\2&lt;/thumb&gt;&lt;/fanart&gt;" dest="5+">
                <expression noclean="1">filmPhotos&quot;&gt;&lt;div class=col&gt;&lt;a href=&quot;([^\.]+\.[^\.]+\.[^\.]+\.)1([^"]+)&quot;</expression>
            </RegExp>
            
			<!-- IMDBID - Pobiera IMDBID za pomocą funkcji GoogleToIMDB !-->
			<RegExp input="$$1" output="\1" dest="7">
				<expression noclean="1">title&gt;.[^&lt;]*\(([0-9]*)</expression>
			</RegExp>
			<RegExp input="$$18" output="&lt;url function=&quot;GoogleToIMDB&quot;&gt;http://ajax.googleapis.com/ajax/services/search/web?v=1.0&amp;amp;q=\1+site:imdb.com&lt;/url&gt;" dest="5+">
				<RegExp input="$$1" output="\1" dest="18">
					<expression fixchars="1">og:title&quot; content=&quot;([^&quot;]+)</expression>
				</RegExp>
				<RegExp input="$$19" output="\1" dest="18">
					<RegExp input="$$18" output="\1" dest="19">
						<expression>[^\/]+\/(.+)</expression>
					</RegExp>
					<expression>(.+)</expression>
				</RegExp>
				<expression encode="1"/>
			</RegExp>
            
			<!-- TRAILER - FUN. ZWIASTUNY jeśli wybrano opcję pobierania trailera !-->
			<RegExp conditional="GetTrailer" input="$$9" output="&lt;url function=&quot;Zwiastuny&quot;&gt;http://www.filmweb.pl/film/xbmc-2009-$$9/video&lt;/url&gt;" dest="5+">
				<expression/>
			</RegExp>

			<!-- PLOT - FUN. OPISY jeśli wybrano opcję preferuj opis DVD !-->
			<RegExp conditional="GetPlot" input="$$9" output="&lt;url function=&quot;Opisy&quot;&gt;http://www.filmweb.pl/film/xbmc-2009-$$9/descs&lt;/url&gt;" dest="5+">
				<expression/>
			</RegExp>

			<!-- THUMB - FUN. PLAKATY jeśli wybrano opcję wszystkich okładek !-->
			<RegExp conditional="GetPoster" input="$$9" output="&lt;url function=&quot;Plakaty&quot;&gt;http://www.filmweb.pl/film/xbmc-2009-$$9/posters&lt;/url&gt;" dest="5+">
				<expression/>
			</RegExp>
			
			<!-- FANART - FUN. FANARTY z FILMWEB jeśli wybrano opcję wszystkich fanartów !-->
			<RegExp conditional="GetFanart" input="$$9" output="&lt;url function=&quot;Fanarty&quot; cache=&quot;filmweb-$$9&quot;&gt;http://www.filmweb.pl/Film?id=$$9&lt;/url&gt;" dest="5+">
				<expression/>
			</RegExp>
			<expression noclean="1"/>
		</RegExp>
	</GetDetails>
	
	<!-- GoogleToIMDB FUNCTION - Pobiera IMDBID i zapisuje do dalszego użytku w $$6 !-->
	<GoogleToIMDB dest="3">
		<RegExp input="$$5" output="&lt;details&gt;\1&lt;/details&gt;" dest="3">
			<RegExp input="$$1" output="\1" dest="6">
				<expression noclean="1">/title/([t0-9]*)</expression>
			</RegExp>
			<RegExp input="$$11" output="\1" dest="6">
				<RegExp input="$$1" output="\1" dest="11">
					<expression>/title/([t0-9]*)[^\(]+\($$7\)</expression>
				</RegExp>
				<expression>(.+)</expression>
			</RegExp>
			<RegExp input="$$6" output="&lt;id&gt;\1&lt;/id&gt;" dest="5">
				<expression/>
			</RegExp>
            
            <!-- ACTORS - FUN. OBSADA z FILMWEB jeśli wybrano opcję pełnej obsady !-->
            <RegExp conditional="EnableFullCast" input="$INFO[FullCastSite]" output="&lt;url function=&quot;Obsada&quot;&gt;http://www.filmweb.pl/film/xbmc-2009-$$9/cast&lt;/url&gt;" dest="5+">
                <expression>FILMWEB</expression>
			</RegExp>
            
            <!-- ACTORS - FUN. GetIMDBFullCastById z IMDB jeśli wybrano opcję pełnej obsady !-->
            <RegExp conditional="EnableFullCast" input="$INFO[FullCastSite]" output="&lt;chain function=&quot;GetIMDBFullCastById&quot;&gt;$$6&lt;/chain&gt;" dest="5+">
                <expression>IMDB</expression>
			</RegExp>

			<!-- FANART - FUN. GetTMDBFanartByIdChain z TMDB jeśli wybrano opcję wszystkich fanartów !-->
			<RegExp conditional="GetFanart" input="" output="&lt;chain function=&quot;GetTMDBFanartByIdChain&quot;&gt;$$6&lt;/chain&gt;" dest="5+">
				<expression />
			</RegExp>
			
			<!-- SETS - FUN. GetTMDBSetByIdChain jeśli wybrano opcję pobierania informacji o kolekcjach !-->
			<RegExp conditional="GetSets" input="" output="&lt;chain function=&quot;GetTMDBSetByIdChain&quot;&gt;$$6&lt;/chain&gt;" dest="5+">
				<expression />
			</RegExp>
			
			<!-- RATING - FUN. GetIMDBRatingById jeśli wybrano ocenę z IMDB !-->
			<RegExp conditional="GetIMDBRatings" input="" output="&lt;chain function=&quot;GetIMDBRatingById&quot;&gt;$$6&lt;/chain&gt;" dest="5+">
				<expression />
			</RegExp>

			<!-- IMDB Details - FUN. IMDB-Details jeśli wybrano pobieranie dodatkowych informacji z IMDB !-->
			<RegExp conditional="GetIMDBDetails" input="" output="&lt;url cache=&quot;$$6-combined.html&quot; function=&quot;IMDB-Details&quot;&gt;http://akas.imdb.com/title/$$6/combined&lt;/url&gt;" dest="5+">
				<expression />
			</RegExp>
			<expression noclean="1" />
		</RegExp>
	</GoogleToIMDB>
	
	<!-- Opisy FUNCTION !-->
	<Opisy dest="5">
		<RegExp input="$$8" output="&lt;?xml version=&quot;1.0&quot; encoding=&quot;utf-8&quot; standalone=&quot;yes&quot;?&gt;&lt;details&gt;\1&lt;/details&gt;" dest="5">
			<RegExp input="$$10" output="&lt;plot&gt;\1&lt;/plot&gt;" dest="8">
				<RegExp input="$$1" output="\1" dest="10">
					<expression fixchars="1">hoverOpacity" id=[^&gt;]+&gt;&lt;p&gt;(.*?)&lt;/p&gt;</expression>
				</RegExp>
				<expression noclean="1">(.+)</expression>
			</RegExp>
			<RegExp input="$$13" output="&lt;plot&gt;\1 [opis dystrybutora]&lt;/plot&gt;" dest="8">
				<RegExp input="$$1" output="\2" dest="13">
					<expression fixchars="2">hoverOpacity&quot; id=([0-9]+)&gt;&lt;p[^&gt;]+&gt;(.*?)&lt;/p.*?Delete=\1.{2,300}\[opis</expression>
				</RegExp>
				<expression noclean="1">(.+)</expression>
			</RegExp>
			<RegExp input="$$12" output="&lt;plot&gt;\1 [opis dystrybutora kino]&lt;/plot&gt;" dest="8">
				<RegExp input="$$1" output="\2" dest="12">
					<expression fixchars="2">hoverOpacity&quot; id=([0-9]+)&gt;&lt;p[^&gt;]+&gt;(.*?)&lt;/p.*?Delete=\1.{2,300}\[opis dystrybutora kino</expression>
				</RegExp>
				<expression noclean="1">(.+)</expression>
			</RegExp>
			<RegExp input="$$11" output="&lt;plot&gt;\1 [opis dystrybutora dvd]&lt;/plot&gt;" dest="8">
				<RegExp input="$$1" output="\2" dest="11">
					<expression fixchars="2">hoverOpacity&quot; id=([0-9]+)&gt;&lt;p[^&gt;]+&gt;(.*?)&lt;/p.*?Delete=\1.{2,300}\[opis dystrybutora dvd</expression>
				</RegExp>
				<expression noclean="1">(.+)</expression>
			</RegExp>
			<RegExp input="$$8" output="\1 " dest="8">
				<expression repeat="yes" noclean="1">([^\t]*)\t?</expression>
			</RegExp>
			<RegExp input="$$8" output="\1\2" dest="8">
				<expression repeat="yes" noclean="1,2">([^\s]*)(?:(\s)\2*)?</expression>
			</RegExp>
			<expression noclean="1" />
		</RegExp>
	</Opisy>
	
	<!-- Plakaty FUNCTION !-->
	<Plakaty dest="5">
		<RegExp input="$$8" output="&lt;details&gt;\1&lt;/details&gt;" dest="5">
			<RegExp input="$$1" output="&lt;thumb preview=&quot;\12\2&quot;&gt;\13\2&lt;/thumb&gt;" dest="8+">
				<expression noclean="1" repeat="yes">li id=poster[^&gt;]+&gt;[^&gt;]+&gt; &lt;img src=&quot;([^\.]+\.[^\.]+\.[^\.]+\.).([^&quot;]+)&quot;</expression>
			</RegExp>
			<expression noclean="1"/>
		</RegExp>
	</Plakaty>

	<!-- Obsada FUNCTION !-->
	<Obsada dest="5">
		<RegExp input="$$8" output="&lt;?xml version=&quot;1.0&quot; encoding=&quot;utf-8&quot; standalone=&quot;yes&quot;?&gt;&lt;details&gt;\1&lt;/details&gt;" dest="5">
			<RegExp input="$$1" output="\1" dest="6">
				<expression noclean="1">&gt; aktor(.*?)&lt;/ul</expression>
			</RegExp>
			<RegExp input="$$6" output="&lt;actor&gt;&lt;thumb&gt;\21\3\4&lt;/thumb&gt;&lt;name&gt;\5&lt;/name&gt;&lt;role&gt;\6 \7&lt;/role&gt;&lt;/actor&gt;" dest="7">
				<expression repeat="yes" fixchars="5,6,7" trim="5,6,7" noclean="2,3">(src="(?:([^"]*\.)[^"]*(\.jpg))?[^\/]+\/span&gt;|pNoImg05"&gt;([^&lt;]+)&lt;/span&gt;)[^&gt;]+&gt;[^&gt;]+&gt;[^&gt;]+&gt;([^&lt;]+)[^=]+[^&gt;]+&gt;[^&gt;]+&gt;[^&gt;]+&gt;[^&gt;]+&gt;([^&lt;]+)[^&gt;]+&gt;[^&gt;]+&gt;([^&lt;]+)</expression>
			</RegExp>
            <RegExp input="$$6" output="&lt;actor&gt;&lt;thumb&gt;\21\3\4&lt;/thumb&gt;&lt;name&gt;\5&lt;/name&gt;&lt;role&gt;\6 (polski dubbing)&lt;/role&gt;&lt;/actor&gt;" dest="7">
                <expression repeat="yes" fixchars="5,6" trim="5,6" noclean="2,3">(src="(?:([^"]*\.)[^"]*(\.jpg))?[^\/]+\/span&gt;|pNoImg05"&gt;([^&lt;]+)&lt;/span&gt;)[^&gt;]+&gt;[^&gt;]+&gt;[^&gt;]+&gt;([^&lt;]+)[^=]+[^&gt;]+&gt;[^&gt;]+&gt;[^&gt;]+&gt;[^&gt;]+&gt;([^&lt;]+)[^&gt;]+&gt;[^&gt;]+&gt; \(polski dubbing</expression>
            </RegExp>
			<RegExp input="$$7" output="&lt;actor&gt;&lt;thumb&gt;\1&lt;/thumb&gt;\2&lt;/actor&gt;" dest="8">
				<expression repeat="yes" clear="yes" noclean="1,2,3">&lt;actor&gt;&lt;thumb&gt;(?:(http.*?)|1)&lt;/thumb&gt;(.*?)&lt;/actor&gt;</expression>
			</RegExp>
			<expression noclean="1"/>
		</RegExp>
	</Obsada>

	<!-- Zwiastuny FUNCTION !-->
	<Zwiastuny dest="5">
		<RegExp input="$$8" output="&lt;details&gt;\1&lt;/details&gt;" dest="5">
			<RegExp input="$$1" output="&lt;url function=&quot;GetTrailerLink&quot;&gt;http://www.filmweb.pl/video/\1&lt;/url&gt;" dest="8">
				<expression>class=videoImage[^&quot;]+&quot;/video/([^&quot;]+)</expression>
			</RegExp>
			<RegExp input="$$11" output="&lt;url function=&quot;GetTrailerLink&quot;&gt;http://www.filmweb.pl/video/trailer/\1&lt;/url&gt;" dest="8">
				<RegExp input="$$1" output="\1" dest="11">
					<expression>class=videoImage[^&quot;]+&quot;/video/trailer/([^&quot;]+)</expression>
				</RegExp>
				<expression>(.+)</expression>
			</RegExp>
			<RegExp input="$$11" output="&lt;url function=&quot;GetTrailerLink&quot;&gt;http://www.filmweb.pl/video/trailer/\1&lt;/url&gt;" dest="8">
				<RegExp input="$$1" output="\1" dest="11">
					<expression>class=videoImage[^&quot;]+&quot;/video/trailer/([^&quot;]+polski[^&quot;]+)</expression>
				</RegExp>
				<expression>(.+)</expression>
			</RegExp>
			<expression noclean="1"/>
		</RegExp>
	</Zwiastuny>

	<!-- GetTrailerLink FUNCTION !-->
	<GetTrailerLink dest="5">
		<RegExp input="$$11$$13" output="&lt;details&gt;\1&lt;/details&gt;" dest="5">
			<RegExp input="$$1" output="\1" dest="6">
				<expression noclean="1">ięcej dla tego filmu(.*?)&lt;h2</expression>
			</RegExp>
			<RegExp input="$$6" output="&lt;url function=&quot;TryGetTrailer&quot;&gt;http://www.filmweb.pl/video/trailer/\1&lt;/url&gt;" dest="11">
				<expression repeat="yes">&quot;/video/trailer/([^&quot;]+)&quot; t</expression>
			</RegExp>
			<RegExp input="$$1" output="\1" dest="6">
				<expression noclean="1">class=mainTrailerVideoBox(.*?)class=trailerFilmsRateBox</expression>
			</RegExp>
			<RegExp input="$$12" output="&lt;trailer&gt;plugin://plugin.video.youtube/?action=play_video&amp;videoid=\1&lt;/trailer&gt;" dest="11">
				<RegExp input="$$6" output="\1" dest="12">
					<expression clear="yes" noclean="1">youtube.com/v/(.{11})\??</expression>
				</RegExp>
				<expression>(.+)</expression>
			</RegExp>
			<RegExp input="$$12" output="&lt;trailer&gt;plugin://plugin.video.youtube/?action=play_video&amp;videoid=\1&lt;/trailer&gt;" dest="11">
				<RegExp input="$$6" output="\1" dest="12">
					<expression clear="yes" noclean="1">youtube.com/watch\?v=(.{11})\??</expression>
				</RegExp>
				<expression>(.+)</expression>
			</RegExp>
			<RegExp input="$$12" output="&lt;trailer&gt;\1&lt;/trailer&gt;" dest="11">
				<RegExp input="$$6" output="\1\2" dest="12">
					<expression clear="yes" noclean="1">src="([^"]+)(\.mp4|\.mpg|\.mov|\.ogv)</expression>
				</RegExp>
				<expression>(.+)</expression>
			</RegExp>
			<RegExp input="$$12" output="&lt;trailer&gt;\1&lt;/trailer&gt;" dest="11">
				<RegExp input="$$6" output="\1" dest="12">
					<expression clear="yes" noclean="1">src:\["([^"]+)"\],width:1280,height:720</expression>
				</RegExp>
				<expression>(.+)</expression>
			</RegExp>
			<RegExp input="$$14" output="&lt;plot&gt;\1&lt;/plot&gt;" dest="13">
				<RegExp input="$$6" output="\1" dest="14">
					<expression fixchars="1" noclean="1">&lt;p class=text&gt;(.*?)&lt;/p</expression>
				</RegExp>
				<expression>(.+)</expression>
			</RegExp>
			!-->
			<expression noclean="1"/>
		</RegExp>
	</GetTrailerLink>

	<!-- TryGetTrailer FUNCTION !-->
	<TryGetTrailer dest="5">
		<RegExp input="$$11" output="&lt;details&gt;\1&lt;/details&gt;" dest="5">
			<RegExp input="$$12" output="&lt;trailer&gt;plugin://plugin.video.youtube/?action=play_video&amp;videoid=\1&lt;/trailer&gt;" dest="11">
				<RegExp input="$$1" output="\1" dest="12">
					<expression clear="yes" noclean="1">youtube.com/v/(.{11})\??</expression>
				</RegExp>
				<expression>(.+)</expression>
			</RegExp>
			<RegExp input="$$12" output="&lt;trailer&gt;\1&lt;/trailer&gt;" dest="11">
				<RegExp input="$$1" output="\1\2" dest="12">
					<expression clear="yes" noclean="1">src="([^"]+)(\.mp4|\.mpg|\.mov|\.ogv)</expression>
				</RegExp>
				<expression>(.+)</expression>
			</RegExp>
			<RegExp input="$$12" output="&lt;trailer&gt;\1&lt;/trailer&gt;" dest="11">
				<RegExp input="$$1" output="\1" dest="12">
					<expression clear="yes" noclean="1">src:\["([^"]+)"\],width:1280,height:720</expression>
				</RegExp>
				<expression>(.+)</expression>
			</RegExp>
			<expression noclean="1"/>
		</RegExp>
	</TryGetTrailer>
	
	<!-- IMDB Details FUNCTION !-->
	<IMDB-Details dest="5">
		<RegExp input="$$6" output="&lt;details&gt;\1&lt;/details&gt;" dest="5">
			<RegExp input="$$1" output="&lt;top250&gt;\1&lt;/top250&gt;" dest="6">
				<expression>Top 250: #([0-9]*)&lt;/a&gt;</expression>
			</RegExp>
			<RegExp input="$$1" output="&lt;mpaa&gt;\1&lt;/mpaa&gt;" dest="6+">
				<expression>MPAA&lt;/a&gt;:&lt;/h5&gt;[^&gt;]*.(.[^&lt;]*)</expression>
			</RegExp>
			<RegExp input="$$1" output="&lt;certification&gt;\1&lt;/certification&gt;" dest="6+">
				<expression repeat="yes" noclean="1">&lt;a href="[^?]*.certificates=..[^"]*"&gt;([^&lt;]*)&lt;/a&gt;</expression>
			</RegExp>
			<RegExp input="$$1" output="&lt;studio&gt;\1&lt;/studio&gt;" dest="6+">
				<expression>&quot;/company/[^/]*/&quot;&gt;([^&lt;]*)&lt;/a&gt;</expression>
			</RegExp>
			<RegExp conditional="!UseOriginalTitle" input="$$7" output="&lt;originaltitle&gt;\1&lt;/originaltitle&gt;" dest="6+">
				<RegExp input="$$1" output="\1" dest="7">
					<expression>title-extra"&gt;([^&lt;]*)</expression>
				</RegExp>
				<expression>(.+)</expression>
			</RegExp>
            <RegExp input="$$1" output="&lt;runtime&gt;\1&lt;/runtime&gt;" dest="6+">
				<expression>Runtime:[^&gt;]+&gt;[^&gt;]+&gt;([0-9]+)</expression>
			</RegExp>
			<expression noclean="1" />
		</RegExp>
	</IMDB-Details>
	
	<!-- Fanarty FUNCTION !-->
	<Fanarty dest="5">
		<RegExp input="$$8" output="&lt;details&gt;&lt;fanart&gt;\1&lt;/fanart&gt;&lt;/details&gt;" dest="5">
			<RegExp input="$$1" output="\1" dest="7">
				<expression noclean="1">zdjęcia&lt;/a&gt;(.*?)&lt;script</expression>
			</RegExp>
			<RegExp input="$$7" output="&lt;thumb preview=&quot;\13\2&quot;&gt;\11\2&lt;/thumb&gt;" dest="8">
				<expression noclean="1" repeat="yes">div class=col&gt;&lt;a href=&quot;([^\.]+\.[^\.]+\.[^\.]+\.)1([^"]+)&quot;</expression>
			</RegExp>
			<expression noclean="1"/>
		</RegExp>
	</Fanarty>
</scraper>