﻿<?xml version="1.0" encoding="UTF-8" standalone="yes"?>
<addon id="metadata.common.merlin.pl"
       name="merlin.pl"
       version="0.0.1"
       provider-name="smuto">
  <requires>
    <import addon="xbmc.metadata" version="2.1.0"/>
  </requires>
  <extension point="xbmc.metadata.scraper.library"
             library="merlinpl.xml"/>
  <extension point="xbmc.addon.metadata">
    <platform>all</platform>
    <minversion>20000</minversion>
    <summary lang="en">Merlin.pl Scraper Library</summary>
    <description lang="en">Download Music information from www.merlin.pl</description>
  </extension>
</addon>
