<window>
	<allowoverlay>no</allowoverlay>
	<coordinates>
		<system>1</system>
		<posx>0</posx>
		<posy>0</posy>
	</coordinates>
	<animation type="WindowOpen" reversible="false">
		<effect type="zoom" start="80" end="100" center="640,360" easing="out" tween="back" time="300" />
		<effect type="fade" start="0" end="100" time="300" />
	</animation>
	<animation type="WindowClose" reversible="false">
		<effect type="zoom" start="100" end="80" center="640,360" easing="in" tween="back" time="300" />
		<effect type="fade" start="100" end="0" time="300" />
	</animation>
	<controls>
		<control type="image">
			<description>background image</description>
			<posx>200</posx>
			<posy>70</posy>
			<width>880</width>
			<height>540</height>
			<texture border="20,20,20,20">default-panel.png</texture>
		</control>
		<!-- media infos -->
		<control type="group">
			<posx>200</posx>
			<posy>50</posy>
			<control type="image">
				<description>Cover Image</description>
				<posx>34</posx>
				<posy>54</posy>
				<width>128</width>
				<height>128</height>
				<texture diffuse="default-diffuse.png">$INFO[MusicPlayer.Cover]</texture>
				<aspectratio>stretch</aspectratio>
			</control>
			<control type="image">
				<description>Cover Image Mirror</description>
				<posx>34</posx>
				<posy>182</posy>
				<width>128</width>
				<height>128</height>
				<texture flipy="true" diffuse="default-diffuse-mirror.png">$INFO[MusicPlayer.Cover]</texture>
				<aspectratio>stretch</aspectratio>
			</control>
			<control type="label">
				<description>Lyrics label</description>
				<posx>350</posx>
				<posy>44</posy>
				<width>180</width>
				<height>20</height>
				<label>[B]$LOCALIZE[SCRIPT0][/B]</label>
				<font>font13</font>
				<align>center</align>
				<textcolor>FF009CFF</textcolor>
				<shadowcolor>AA000000</shadowcolor>
			</control>
			<control type="image">
				<description>separator</description>
				<posx>366</posx>
				<posy>68</posy>
				<width>150</width>
				<height>1</height>
				<texture>default-separatorOSD.png</texture>
				<colordiffuse>DDFFFFFF</colordiffuse>
			</control>
			<control type="label" id="200">
				<description>Scraper Label</description>
				<posx>846</posx>
				<posy>34</posy>
				<width>300</width>
				<height>20</height>
				<posx>600</posx>
				<label>-</label>
				<font>font13</font>
				<align>right</align>
				<textcolor>FFFFFFFF</textcolor>
				<disabledcolor>60FFFFFF</disabledcolor>
			</control>
			<control type="image" id="299">
				<description>list</description>
				<posx>816</posx>
				<posy>60</posy>
				<width>32</width>
				<height>32</height>
				<texture>default-lyricslist.png</texture>
			</control>
			<control type="label">
				<description>Artist label</description>
				<posx>184</posx>
				<posy>75</posy>
				<width>662</width>
				<height>20</height>
				<label>[B]$INFO[MusicPlayer.Artist][/B]</label>
				<font>font13</font>
				<align>left</align>
				<textcolor>FF4DBAFF</textcolor>
			</control>
			<control type="label">
				<description>Title label</description>
				<posx>184</posx>
				<posy>95</posy>
				<width>540</width>
				<height>20</height>
				<label>[B]$INFO[MusicPlayer.Title][/B]</label>
				<font>font13</font>
				<align>left</align>
				<textcolor>FF99D8FF</textcolor>
			</control>
			<control type="label">
				<description>Album label</description>
				<posx>184</posx>
				<posy>115</posy>
				<width>540</width>
				<height>20</height>
				<label>[B]$INFO[MusicPlayer.Album][/B]</label>
				<font>font13</font>
				<align>left</align>
				<textcolor>FFFFFFFF</textcolor>
			</control>
			<control type="image">
				<description>Song Rating Image</description>
				<posx>736</posx>
				<posy>95</posy>
				<height>20</height>
				<width>120</width>
				<texture>$INFO[Player.StarRating]</texture>
				<aspectratio>keep</aspectratio>
			</control>
			<control type="label">
				<description>Time Label</description>
				<posx>184</posx>
				<posy>135</posy>
				<width>200</width>
				<height>20</height>
				<label>$INFO[MusicPlayer.Time]</label>
				<font>font13</font>
				<align>left</align>
				<aligny>center</aligny>
				<textcolor>FFFFFFFF</textcolor>
			</control>
			<control type="label">
				<description>Duration Label</description>
				<posx>846</posx>
				<posy>135</posy>
				<width>200</width>
				<height>20</height>
				<label>$INFO[MusicPlayer.Duration]</label>
				<font>font13</font>
				<align>right</align>
				<aligny>center</aligny>
				<textcolor>FFFFFFFF</textcolor>
			</control>
			<control type="label">
				<description>Playlist Pos No</description>
				<posx>846</posx>
				<posy>114</posy>
				<width>200</width>
				<height>20</height>
				<label>$INFO[MusicPlayer.Playlistposition]$INFO[MusicPlayer.Playlistlength,/]</label>
				<font>font13</font>
				<align>right</align>
				<textcolor>FFFFFFFF</textcolor>
				<visible>!MusicPartyMode.Enabled</visible>
			</control>
			<control type="label">
				<description>PartyMode Enabled</description>
				<posx>846</posx>
				<posy>114</posy>
				<width>200</width>
				<height>20</height>
				<label>589</label>
				<font>font13</font>
				<align>right</align>
				<textcolor>FFFFFFFF</textcolor>
				<visible>MusicPartyMode.Enabled</visible>
			</control>
			<control type="progress">
				<description>Progressbar</description>
				<posx>254</posx>
				<posy>139</posy>
				<width>516</width>
				<height>12</height>
				<info>Player.Progress</info>
				<texturebg border="6,0,6,0">default-progress_back.png</texturebg>
				<lefttexture>-</lefttexture>
				<midtexture border="6,0,6,0">default-progress_mid.png</midtexture>
				<righttexture>-</righttexture>
				<overlaytexture>-</overlaytexture>
				<overlaytexture>-</overlaytexture>
			</control>
			<control type="slider">
				<description>Slider</description>
				<posx>254</posx>
				<posy>139</posy>
				<width>516</width>
				<height>12</height>
				<action>seek</action>
			</control>
			<control type="image">
				<description>separator</description>
				<posx>14</posx>
				<posy>200</posy>
				<width>852</width>
				<height>2</height>
				<texture>default-separatorOSD.png</texture>
			</control>
		</control>
		<control type="group" id="999">
			<posx>504</posx>
			<posy>210</posy>
			<control type="button" id="600">
				<posx>0</posx>
				<posy>0</posy>
				<width>30</width>
				<height>30</height>
				<label>210</label>
				<font>-</font>
				<texturefocus>OSDPrevTrackFO.png</texturefocus>
				<texturenofocus>OSDPrevTrackNF.png</texturenofocus>
				<onleft>607</onleft>
				<onright>601</onright>
				<onup>111</onup>
				<ondown>110</ondown>
				<onclick>PlayerControl(Previous)</onclick>
			</control>
			<control type="button" id="601">
				<posx>55</posx>
				<posy>0</posy>
				<width>30</width>
				<height>30</height>
				<label>31354</label>
				<font>-</font>
				<texturefocus>OSDRewindFO.png</texturefocus>
				<texturenofocus>OSDRewindNF.png</texturenofocus>
				<onleft>600</onleft>
				<onright>602</onright>
				<onup>111</onup>
				<ondown>110</ondown>
				<onclick>PlayerControl(Rewind)</onclick>
			</control>
			<control type="togglebutton" id="602">
				<posx>110</posx>
				<posy>0</posy>
				<width>30</width>
				<height>30</height>
				<label>31351</label>
				<altlabel>208</altlabel>
				<font>-</font>
				<texturefocus>OSDPauseFO.png</texturefocus>
				<texturenofocus>OSDPauseNF.png</texturenofocus>
				<usealttexture>Player.Paused | Player.Forwarding | Player.Rewinding</usealttexture>
				<alttexturefocus>OSDPlayFO.png</alttexturefocus>
				<alttexturenofocus>OSDPlayNF.png</alttexturenofocus>
				<onleft>601</onleft>
				<onright>603</onright>
				<onup>111</onup>
				<ondown>110</ondown>
				<onclick>PlayerControl(Play)</onclick>
			</control>
			<control type="button" id="603">
				<posx>165</posx>
				<posy>0</posy>
				<width>30</width>
				<height>30</height>
				<label>31352</label>
				<font>-</font>
				<texturefocus>OSDStopFO.png</texturefocus>
				<texturenofocus>OSDStopNF.png</texturenofocus>
				<onleft>602</onleft>
				<onright>604</onright>
				<onup>111</onup>
				<ondown>110</ondown>
				<onclick>PlayerControl(Stop)</onclick>
			</control>
			<control type="button" id="604">
				<posx>220</posx>
				<posy>0</posy>
				<width>30</width>
				<height>30</height>
				<label>31353</label>
				<font>-</font>
				<texturefocus>OSDForwardFO.png</texturefocus>
				<texturenofocus>OSDForwardNF.png</texturenofocus>
				<onleft>603</onleft>
				<onright>605</onright>
				<onup>111</onup>
				<ondown>110</ondown>
				<onclick>PlayerControl(Forward)</onclick>
			</control>
			<control type="button" id="605">
				<posx>275</posx>
				<posy>0</posy>
				<width>30</width>
				<height>30</height>
				<label>209</label>
				<font>-</font>
				<texturefocus>OSDNextTrackFO.png</texturefocus>
				<texturenofocus>OSDNextTrackNF.png</texturenofocus>
				<onleft>604</onleft>
				<onright>606</onright>
				<onup>111</onup>
				<ondown>110</ondown>
				<onclick>PlayerControl(Next)</onclick>
			</control>
			<control type="button" id="606">
				<posx>330</posx>
				<posy>0</posy>
				<width>30</width>
				<height>30</height>
				<label>$LOCALIZE[486]$INFO[Playlist.Repeat, : ]</label>
				<font>-</font>
				<texturefocus>-</texturefocus>
				<texturenofocus>-</texturenofocus>
				<onclick>XBMC.PlayerControl(Repeat)</onclick>
				<onleft>605</onleft>
				<onright>607</onright>
				<onup>111</onup>
				<ondown>110</ondown>
			</control>
			<control type="image">
				<posx>330</posx>
				<posy>0</posy>
				<width>30</width>
				<height>30</height>
				<texture>OSDRepeatNF.png</texture>
				<visible>!Playlist.IsRepeat + !Playlist.IsRepeatOne</visible>
				<visible>!Control.HasFocus(606)</visible>
			</control>
			<control type="image">
				<posx>330</posx>
				<posy>0</posy>
				<width>30</width>
				<height>30</height>
				<texture>OSDRepeatFO.png</texture>
				<visible>!Playlist.IsRepeat + !Playlist.IsRepeatOne</visible>
				<visible>Control.HasFocus(606)</visible>
			</control>
			<control type="image">
				<posx>330</posx>
				<posy>0</posy>
				<width>30</width>
				<height>30</height>
				<texture>OSDRepeatOneNF.png</texture>
				<visible>Playlist.IsRepeatOne</visible>
				<visible>!Control.HasFocus(606)</visible>
			</control>
			<control type="image">
				<posx>330</posx>
				<posy>0</posy>
				<width>30</width>
				<height>30</height>
				<texture>OSDRepeatOneFO.png</texture>
				<visible>Playlist.IsRepeatOne</visible>
				<visible>Control.HasFocus(606)</visible>
			</control>
			<control type="image">
				<posx>330</posx>
				<posy>0</posy>
				<width>30</width>
				<height>30</height>
				<texture>OSDRepeatAllNF.png</texture>
				<visible>Playlist.IsRepeat</visible>
				<visible>!Control.HasFocus(606)</visible>
			</control>
			<control type="image">
				<posx>330</posx>
				<posy>0</posy>
				<width>30</width>
				<height>30</height>
				<texture>OSDRepeatAllFO.png</texture>
				<visible>Playlist.IsRepeat</visible>
				<visible>Control.HasFocus(606)</visible>
			</control>
			<control type="togglebutton" id="607">
				<posx>385</posx>
				<posy>0</posy>
				<width>30</width>
				<height>30</height>
				<label>$LOCALIZE[590]$INFO[Playlist.Random, : ]</label>
				<font>-</font>
				<texturefocus>OSDRandomOffFO.png</texturefocus>
				<texturenofocus>OSDRandomOffNF.png</texturenofocus>
				<usealttexture>Playlist.IsRandom</usealttexture>
				<alttexturefocus>OSDRandomOnFO.png</alttexturefocus>
				<alttexturenofocus>OSDRandomOnNF.png</alttexturenofocus>
				<onclick>XBMC.PlayerControl(Random)</onclick>
				<onleft>606</onleft>
				<onright>600</onright>
				<onup>111</onup>
				<ondown>110</ondown>
			</control>
		</control>
		<!-- ** Required ** Do not change <id> or <type> -->
		<control type="textbox" id="100">
			<description>textarea</description>
			<posx>234</posx>
			<posy>270</posy>
			<width>812</width>
			<height>290</height>
			<onup>101</onup>
			<ondown>101</ondown>
			<onleft>101</onleft>
			<onright>101</onright>
			<pagecontrol>101</pagecontrol>
			<font>font13</font>
			<textcolor>DDFFFFFF</textcolor>
		</control>
  		<control type="spincontrol" id="101">
			<description>Next page button</description>
			<posx>996</posx>
			<posy>565</posy>
			<width>25</width>
			<height>22</height>
			<font>font13</font>
			<align>right</align>
			<subtype>page</subtype>
   			<textcolor>FFFFFFFF</textcolor>
			<onleft>101</onleft>
			<onright>101</onright>
			<ondown>101</ondown>
			<onup>101</onup>
			<showonepage>false</showonepage>
			<textureup>default-scroll-up.png</textureup>
			<texturedown>default-scroll-down.png</texturedown>
			<textureupfocus>default-scroll-up-focus.png</textureupfocus>
			<texturedownfocus>default-scroll-down-focus.png</texturedownfocus>
			<visible>Control.IsVisible(100)</visible>
		</control>        
		<!-- ** Required ** Do not change <id> or <type> -->
		<control type="list" id="110">
			<posx>234</posx>
			<posy>270</posy>
			<width>812</width>
			<height>290</height>
			<onleft>111</onleft>
			<onright>111</onright>
			<onup>999</onup>
			<ondown>110</ondown>
			<viewtype label="535">list</viewtype>
			<pagecontrol>111</pagecontrol>
			<scrolltime>200</scrolltime>
			<itemlayout height="29">
				<control type="label">
					<posx>10</posx>
					<posy>3</posy>
					<width>796</width>
					<height>22</height>
					<info>ListItem.Label</info>
					<font>font13</font>
					<align>left</align>
					<aligny>center</aligny>
					<textcolor>FFFFFFFF</textcolor>
				</control>
			</itemlayout>
			<focusedlayout height="29">
				<control type="image">
					<posx>0</posx>
					<posy>0</posy>
					<width>812</width>
					<height>29</height>
					<texture>default-list-focus.png</texture>
					<visible>Control.HasFocus(110)</visible>
				</control>
				<control type="label">
					<posx>10</posx>
					<posy>3</posy>
					<width>796</width>
					<height>22</height>
					<info>ListItem.Label</info>
					<font>font13</font>
					<align>left</align>
					<aligny>center</aligny>
					<textcolor>FFEB9E17</textcolor>
				</control>
			</focusedlayout>
		</control>
  		<control type="spincontrol" id="111">
			<description>Next page button</description>
			<posx>996</posx>
			<posy>565</posy>
			<width>25</width>
			<height>22</height>
			<font>font13</font>
			<align>right</align>
			<subtype>page</subtype>
			<onleft>110</onleft>
			<onright>110</onright>
			<ondown>999</ondown>
			<onup>110</onup>
			<textcolor>FFFFFFFF</textcolor>
			<textureup>default-scroll-up.png</textureup>
			<texturedown>default-scroll-down.png</texturedown>
			<textureupfocus>default-scroll-up-focus.png</textureupfocus>
			<texturedownfocus>default-scroll-down-focus.png</texturedownfocus>
			<showonepage>false</showonepage>
			<visible>Control.IsVisible(110)</visible>
		</control>
		<!-- ** Required ** Do not change <id> or <type> -->
		<control type="list" id="120">
			<posx>234</posx>
			<posy>270</posy>
			<width>812</width>
			<height>290</height>
			<onleft>121</onleft>
			<onright>121</onright>
			<onup>120</onup>
			<ondown>120</ondown>
			<viewtype label="535">list</viewtype>
			<pagecontrol>121</pagecontrol>
			<scrolltime>200</scrolltime>
			<itemlayout height="29">
				<control type="label">
					<posx>10</posx>
					<posy>3</posy>
					<width>796</width>
					<height>22</height>
					<info>ListItem.Label</info>
					<font>font13</font>
					<align>left</align>
					<aligny>center</aligny>
					<textcolor>FFFFFFFF</textcolor>
				</control>
			</itemlayout>
			<focusedlayout height="29">
				<control type="image">
					<posx>0</posx>
					<posy>0</posy>
					<width>812</width>
					<height>29</height>
					<texture>default-list-focus.png</texture>
					<visible>Control.HasFocus(120)</visible>
				</control>
				<control type="label">
					<posx>10</posx>
					<posy>3</posy>
					<width>796</width>
					<height>22</height>
					<info>ListItem.Label</info>
					<font>font13</font>
					<align>left</align>
					<aligny>center</aligny>
					<textcolor>FFEB9E17</textcolor>
				</control>
			</focusedlayout>
		</control>
  		<control type="spincontrol" id="121">
			<description>Next page button</description>
			<posx>996</posx>
			<posy>565</posy>
			<width>25</width>
			<height>22</height>
			<font>font13</font>
			<align>right</align>
			<subtype>page</subtype>
			<textcolor>FFFFFFFF</textcolor>
			<onleft>120</onleft>
			<onright>120</onright>
			<ondown>120</ondown>
			<onup>120</onup>
			<textureup>default-scroll-up.png</textureup>
			<texturedown>default-scroll-down.png</texturedown>
			<textureupfocus>default-scroll-up-focus.png</textureupfocus>
			<texturedownfocus>default-scroll-down-focus.png</texturedownfocus>
			<showonepage>false</showonepage>
			<visible>Control.IsVisible(120)</visible>
		</control>
	</controls>
</window>
