<scraperfunctions>
	<GetMerlinPLAlbumReview clearbuffers="no" dest="5">
		<RegExp input="$$1" output="&lt;details&gt;&lt;url function=&quot;ParseMerlinPLAlbumReview&quot;&gt;http://www.theaudiodb.com/api/v1/json/58424d43204d6564696120/album-mb.php?i=\1&lt;/url&gt;&lt;/details&gt;" dest="5">
			<expression>(.+)::(.+)::(.+)::(.+)</expression>
		</RegExp>
        <RegExp input="$$1" output="\1" dest="8">
            <expression>(.+)</expression>
        </RegExp>
	</GetMerlinPLAlbumReview>
	<ParseMerlinPLAlbumReview dest="5">
		<RegExp input="$$2" output="&lt;details&gt;\1&lt;/details&gt;" dest="5">
			<RegExp input="$$16" output="\1" dest="2">
                <RegExp input="$$1" output="&lt;review&gt;\1&lt;/review&gt;" dest="16">
                    <expression fixchars="1">strDescriptionEN&quot;:&quot;(.*?)&quot;,&quot;</expression>
                </RegExp>
                <RegExp input="$$8" output="&lt;url function=&quot;GoogleLink&quot;&gt;https://www.google.com/search?as_q=\2+\3+\4&as_qdr=all&as_sitesearch=merlin.pl&lt;/url&gt;" dest="16+">
                    <expression noclean="1" encode="2,3">(.+)::(.+)::(.+)::(.+)</expression>
                </RegExp>
				<expression  noclean="1" />
			</RegExp>                
			<RegExp input="$$1" output="&lt;review&gt;\1&lt;/review&gt;" dest="2">
				<expression fixchars="1">strDescriptionPL&quot;:&quot;(.*?)&quot;,&quot;</expression>
			</RegExp>
			<expression noclean="1" />
		</RegExp>
	</ParseMerlinPLAlbumReview>
	<GoogleLink dest="5">
		<RegExp input="$$4" output="&lt;details&gt;\1&lt;/details&gt;" dest="5">
			<RegExp input="$$1" output="&lt;url function=&quot;GetMerlinReview&quot;&gt;http://merlin.pl/\1.html&lt;/url&gt;" dest="4">
				<expression noclean="1">(/[^//]+/browse/product/[^"]+).html</expression>
			</RegExp>
			<expression noclean="1" />
		</RegExp>
	</GoogleLink>
	<GetMerlinReview dest="5">
		<RegExp input="$$10" output="&lt;?xml version=&quot;1.0&quot; encoding=&quot;iso-8859-2&quot; standalone=&quot;yes&quot;?&gt;&lt;details&gt;\1&lt;/details&gt;" dest="5">
			<RegExp input="$$1" output="\1" dest="9">
				<expression noclean="1">prodHead(.+?)prodTitle</expression>
			</RegExp>
			<RegExp input="$$9" output="&lt;thumb&gt;http://merlin.pl/images,images_big\1&lt;/thumb&gt;" dest="10">
				<expression noclean="1">src="[^,]+,[^,]+([^"]+)</expression>
			</RegExp>
			<RegExp input="$$16" output="\1" dest="15">
				<RegExp input="$$1" output="\1 " dest="16">
					<expression>itemprop="description"&gt;(.*?)&lt;/div</expression>
				</RegExp>
				<RegExp input="$$1" output="\1::" dest="17">
					<expression>piorka_merlina.*?itemprop="reviewBody"&gt;([^&lt;]*)&lt;</expression>
				</RegExp>
				<RegExp input="$$1" output="\1::" dest="17+">
					<expression>itemprop="reviewBody"&gt;([^&lt;]*)&lt;[^=]+="reviewHelpful</expression>
				</RegExp>
				<RegExp input="$$1" output="\1::" dest="17+">
					<expression>itemprop="reviewBody"&gt;([^&lt;]*)&lt;</expression>
				</RegExp>
				<RegExp input="$$17" output="\1" dest="16+">
					<expression>(.*?)::</expression>
				</RegExp>
				<expression repeat="yes" noclean="1">([^\n]+)\n?</expression>
			</RegExp>
			<RegExp input="$$15" output="&lt;review&gt;\1&lt;/review&gt;" dest="10+">
				<expression>(.+)</expression>
			</RegExp>
			<expression noclean="1" />
		</RegExp>
	</GetMerlinReview>
</scraperfunctions>
